85761, OENOBIOL MAGNIFIQU , OENOBIOL MAGNIFIQU, NOT FOUND, CAPS x 30, S_A
85762, OENOBIOL RADIANCE , OENOBIOL RADIANCE, NOT FOUND, CAPS x 30, S_A
85763, OENOBIOL SOLAIRE , OENOBIOL SOLAIRE, NOT FOUND, CAPS x 30, S_A
85764, OENOBIOL VELOUTE , OENOBIOL VELOUTE, NOT FOUND, CAPS x 30, S_A
143291, OPTIFAST , OPTIFAST, NOT FOUND, LATA BAUNILH 270 G x 1, S_A
143295, OPTIFAST , OPTIFAST, NOT FOUND, SAC MO CHOC 54 G x 7, S_A
143296, OPTIFAST , OPTIFAST, NOT FOUND, SAC O QUEIJO 30 G x 12, S_A
143298, OPTIFAST , OPTIFAST, NOT FOUND, SAC SO VEGE 54 G x 10, S_A
51369, OROXADIN , OROXADIN, NOT FOUND, CPR 100 MG x 10, S_A
51370, OROXADIN , OROXADIN, NOT FOUND, CPR 100 MG x 30, S_A
52928, OS-CAL 500 , OS CAL 500, NOT FOUND, CPR 500 MG x 60, S_A
54039, OS-CAL 500 , OS CAL 500, NOT FOUND, CPR D 500 MG x 60, S_A
87488, OS-CAL 500 , OS CAL 500, NOT FOUND, CPR D 500 MG x 60 (/400), S_A
58970, OS-CAL 500 , OS CAL 500, NOT FOUND, CPR D 500 MG x 75, S_A
