76741, V.BE+SU.G+TO+CL MG , V BE SU G TO CL, NOT FOUND, POM. 20 G x 1, CM5
30405, VAGI BIOTIC , VAGI BIOTIC, NOT FOUND, GEL. 40 G x 1, CM5
61414, VALERIMED , VALERIMED, NOT FOUND, CPR 50 MG x 20, CM5
48584, VERMOPLEX , VERMOPLEX, NOT FOUND, CPR 100 MG x 6, CM5
48585, VERMOPLEX , VERMOPLEX, NOT FOUND, SUSP 100 MG 30 ML x 1 (/5ML), CM5
61415, VIGAMED , VIGAMED, NOT FOUND, CPR 40 MG x 2, CM5
61416, VIGAMED , VIGAMED, NOT FOUND, CPR 40 MG x 4, CM5
137007, VITACON HAIR , VITACON HAIR, NOT FOUND, CAPS x 30, CM5
154327, VITAONE , VITAONE, NOT FOUND, DRAG HOMEM x 60, CM5
154328, VITAONE , VITAONE, NOT FOUND, DRAG MULHER x 60, CM5
154329, VITAONE , VITAONE, NOT FOUND, DRAG OMEGA 3 x 60, CM5
158286, VITAONE , VITAONE, NOT FOUND, GO VIT D LIM 10 ML x 1, CM5
96162, VOXX CALCIOMIX , VOXX CALCIOMIX, NOT FOUND, CAPS D 500 MG x 60, CM5
165819, VOXX ICE SPORTS , VOXX ICE SPORTS, NOT FOUND, GEL 100 G x 1, CM5
96163, VOXX MIX , VOXX MIX, NOT FOUND, CAPS x 60, CM5
96164, VOXX OSTRAMIX , VOXX OSTRAMIX, NOT FOUND, CAPS x 60, CM5
