50732; CALMINEX ; CALMINEX; NOT FOUND; GEL ATLETA 20 G x 1; MQF
47791; CALMINEX ; CALMINEX; NOT FOUND; POM. H 20 G x 1; MQF
74434; CALMINEX HOT ; CALMINEX HOT; NOT FOUND; SACHET ADES x 10; MQF
67805; CALMINEX ICE ; CALMINEX ICE; NOT FOUND; AERO 170 G x 1; MQF
77267; CALMINEX ICE ; CALMINEX ICE; NOT FOUND; AERO 60 G x 1; MQF
78085; CALMINEX ICE ; CALMINEX ICE; NOT FOUND; K AERO+I BAG 170 G x 1; MQF
45644; CEDRIN ; CEDRIN; NOT FOUND; REPETABS x 10; MQF
64398; CEDRIN ; CEDRIN; NOT FOUND; XAR. 120 ML x 1; MQF
77047; CELESTAMINE ; CELESTAMINE; NOT FOUND; CPR x 10; MQF
48963; CELESTAMINE ; CELESTAMINE; NOT FOUND; CPR x 20; MQF
75620; CELESTAMINE ; CELESTAMINE; NOT FOUND; GOTAS 20 ML x 1; MQF
76193; CELESTAMINE ; CELESTAMINE; NOT FOUND; XAR S/ACUCAR 120 ML x 1; MQF
48667; CELESTAMINE ; CELESTAMINE; NOT FOUND; XAR. 120 ML x 1; MQF
77048; CELESTAMINE ; CELESTAMINE; NOT FOUND; XAR. 30 ML x 1; MQF
2209; CELESTONE ; CELESTONE; NOT FOUND; AMP. 4 MG 1 ML x 1; MQF
77049; CELESTONE ; CELESTONE; NOT FOUND; CPR 0.50 MG x 10; MQF
48882; CELESTONE ; CELESTONE; NOT FOUND; CPR 0.50 MG x 20; MQF
30432; CELESTONE ; CELESTONE; NOT FOUND; CPR 2 MG x 10; MQF
48750; CELESTONE ; CELESTONE; NOT FOUND; ELIXIR 0.50 MG 120 ML x 1 (/5ML); MQF
77050; CELESTONE ; CELESTONE; NOT FOUND; ELIXIR 0.50 MG 30 ML x 1 (/5ML); MQF
2214; CELESTONE ; CELESTONE; NOT FOUND; GOTAS ORAL 0.50 MG 15 ML x 1 (/ML); MQF
2219; CELESTONE SOLUSPAN ; CELESTONE SOLUSPAN; NOT FOUND; AMP. RETARD 3 MG 1 ML x 1 (/ML; MQF
76110; CIBRATO ; CIBRATO; NOT FOUND; CPR 100 MG x 10; MQF
76111; CIBRATO ; CIBRATO; NOT FOUND; CPR 100 MG x 30; MQF
72244; CIZAX ; CIZAX; NOT FOUND; CPR 10 MG x 10; MQF
72245; CIZAX ; CIZAX; NOT FOUND; CPR 10 MG x 30; MQF
77052; CIZAX ; CIZAX; NOT FOUND; CPR 10 MG x 4; MQF
72232; CIZAX ; CIZAX; NOT FOUND; CPR 5 MG x 10; MQF
72243; CIZAX ; CIZAX; NOT FOUND; CPR 5 MG x 30; MQF
77051; CIZAX ; CIZAX; NOT FOUND; CPR 5 MG x 4; MQF
98069; C-KADERM ; C KADERM; NOT FOUND; GEL 20 G x 1; MQF
75893; C-KADERM ; C KADERM; NOT FOUND; GEL 40 G x 1; MQF
67813; CORISTINA ; CORISTINA; NOT FOUND; CPR D x 16; MQF
2843; CORISTINA ; CORISTINA; NOT FOUND; CPR D x 192; MQF
74507; CORISTINA ; CORISTINA; NOT FOUND; CPR D x 200; MQF
72613; CORISTINA TERMUS ; CORISTINA TERMUS; NOT FOUND; CPR 750 MG x 192; MQF
71881; CORISTINA VIT C ; CORISTINA VIT C; NOT FOUND; CPR EFERV 1 G x 10; MQF
71880; CORISTINA VIT C ; CORISTINA VIT C; NOT FOUND; CPR 500 MG x 20; MQF
74508; CORISTINA VIT C ; CORISTINA VIT C; NOT FOUND; K 3X10+FS+ET x 1; MQF
