533005901152411; FLUCISTEIN; FLUCISTEIN; NOT FOUND; 100 MG/ML SOL INJ CT 5 AMP VD AMB X 3 ML; U_Q
533005903139420; FLUCISTEIN; FLUCISTEIN; NOT FOUND; 20MG/ML XPE CT FR VD AMB X 100 ML; U_Q
533005904135429; FLUCISTEIN; FLUCISTEIN; NOT FOUND; 40 MG/G GRAN CT 15 ENV POLIET X 5 G; U_Q
533017701161410; FERID; FERID; NOT FOUND; 5 MG + 250 UI POM DERM CT BG AL X 10 G; U_Q
533026302118316; FONTOL; FONTOL; NOT FOUND; 650 MG + 65 MG COM REV CT BL AL PLAS INC X 100; U_Q
533026301111318; FONTOL; FONTOL; NOT FOUND; 650 MG + 65 MG COM REV CT BL AL PLAS INC X 20; U_Q
533005803134419; FENAREN; FENAREN; NOT FOUND; 15MG/ML SUS OR CT FR OPC PLAS GOT X 10 ML; U_Q
533005804157412; FENAREN; FENAREN; NOT FOUND; 25 MG/ML SOL INJ CT 50 AMP VD AMB X 3 ML (EMB HOSP); U_Q
533005805110411; FENAREN; FENAREN; NOT FOUND; 50 MG COM REV CT BL AL PLAS INC X 20; U_Q
533005806117418; FENAREN; FENAREN; NOT FOUND; 50 MG COM REV CT  BL AL PLAS INC X 500 (EMB HOSP)  ; U_Q
533014040060303; FENAREN; FENAREN; NOT FOUND; 10 MG/G GEL TOP CT BG AL X 60 G; U_Q
533006301116412; FOR GAS; FOR GAS; NOT FOUND; 40 MG COM CT ENV KRAFT POLIET X 20; U_Q
533006302139416; FOR GAS; FOR GAS; NOT FOUND; 75 MG/ML EMU OR CT FR PLAS OPC GOT X 10 ML; U_Q
533021601151111; FENITOÍNA SÓDICA; FENITOINA SODICA; FENITOINA SODICA; 50 MG/ML SOL INJ CT 50 AMP 5 ML (EMB HOSP); U_Q
533017602112111; FENOBARBITAL; FENOBARBITAL; FENOBARBITAL; 100 MG COM CT BL AL PLAS INC X 200 (EMB HOSP); U_Q
533017601116111; FENOBARBITAL; FENOBARBITAL; FENOBARBITAL; 100 MG COM CT BL AL PLAS INC X 30; U_Q
533017603135113; FENOBARBITAL; FENOBARBITAL; FENOBARBITAL; 40 MG/ML SOL OR CT FR VD AMB GOT X 20 ML; U_Q
533006001155412; FLUMAZEN; FLUMAZEN; NOT FOUND; 0.5 MG/5 ML SOL INJ CT 5 AMP VD AMB X 5 ML; U_Q
533021701154110; FLUMAZENIL; FLUMAZENIL; FLUMAZENIL; 0.1 MG/ML SOL INJ IV CT 5 AMP VD INC X 5 ML; U_Q
533006201111419; FOLICORIN; FOLICORIN; NOT FOUND; 15 MG COM CT BL AL PLAS AMB X 10; U_Q
533018501158112; FOSFATO DE CLINDAMICINA; FOSFATO CLINDAMICINA; FOSFATO CLINDAMICINA; 150 MG/ML SOL INJ CX C/ COLM 50 AMP VD INC X 2 ML ; U_Q
533018502154110; FOSFATO DE CLINDAMICINA; FOSFATO CLINDAMICINA; FOSFATO CLINDAMICINA; 150 MG/ML SOL INJ CX C/ COLM 50 AMP VD INC X 4 ML; U_Q
533006401137111; FUMARATO DE CETOTIFENO; FUMARATO CETOTIFENO; FUMARATO CETOTIFENO; 0.2 MG/ML XPE CT FR VD AMB X 120 ML + CP MED; U_Q
533012040056304; FLOSSOTEC; FLOSSOTEC; NOT FOUND; 10 MG COM REV CT STRIP X 30; U_Q
533012040056404; FLOSSOTEC; FLOSSOTEC; NOT FOUND; 20 MG COM REV CT STRIP X 30; U_Q
533012040056214; FLOSSOTEC; FLOSSOTEC; NOT FOUND; 05 MG COM REV CT STRIP X 30; U_Q
533025602118410; FLAMATEC; FLAMATEC; NOT FOUND; 15 MG COM CT FR VD AMB X 10; U_Q
533025601111412; FLAMATEC; FLAMATEC; NOT FOUND; 7.5 MG COM CT FR VD AMB X 10; U_Q
533014050060503; FOR GAS; FOR GAS; NOT FOUND; 75 MG/ML EMU OR CT FR PLAS OPC GOT X 15 ML; U_Q
533006101168419; FOLDAN; FOLDAN; NOT FOUND; 50 MG/G POM DERM CT BG X 45 G; U_Q
533006102172411; FOLDAN; FOLDAN; NOT FOUND; 50 MG/G SAB CT SACO PLAST X 70 G; U_Q
533006103179418; FOLDAN; FOLDAN; NOT FOUND; 50 MG/ML LOCAO CT FR VD AMB X 50 ML; U_Q
533005802162419; FENAREN; FENAREN; NOT FOUND; 10MG/G GEL TOP CT BG AL X 30 G; U_Q
533023601114415; FOLIPUR; FOLIPUR; NOT FOUND; 5 MG COM CT ENV AL POLIET X 20; U_Q
