76596, CENTROCAL , CENTROCAL, NOT FOUND, CPR D 600 MG x 60, KFQ
78365, CENTROCAL , CENTROCAL, NOT FOUND, CPR D 600 MG x 90, KFQ
78019, CENTROCAL , CENTROCAL, NOT FOUND, CPR. M 600 MG x 60, KFQ
78018, CENTROCAL , CENTROCAL, NOT FOUND, CPR. M 600 MG x 90, KFQ
111991, CENTROCAL B12 , CENTROCAL B12, NOT FOUND, LIQ FRU VERM 250 ML x 1, KFQ
112691, CENTROCAL B12 , CENTROCAL B12, NOT FOUND, LIQ MORANGO 250 ML x 1, KFQ
112693, CENTROCAL B12 , CENTROCAL B12, NOT FOUND, LIQ PESSEGO 250 ML x 1, KFQ
78021, CENTROLIV , CENTROLIV, NOT FOUND, CPR x 100, KFQ
76597, CENTROLIV , CENTROLIV, NOT FOUND, CPR x 30, KFQ
78020, CENTROLIV , CENTROLIV, NOT FOUND, CPR x 60, KFQ
95297, CENTROLIV AMAMENT , CENTROLIV AMAMENT, NOT FOUND, CPR x 30, KFQ
95303, CENTROLIV GESTANTE , CENTROLIV GESTANTE, NOT FOUND, CPR x 30, KFQ
95314, CENTROLIV KIDS , CENTROLIV KIDS, NOT FOUND, CPR MASTIG 800 MG x 30, KFQ
165380, CENTROLIV MENS ENE , CENTROLIV MENS ENE, NOT FOUND, CPR REVEST x 30, KFQ
109679, CENTROLIV WOMENS , CENTROLIV WOMENS, NOT FOUND, CPR ENERGY 500 MG x 30, KFQ
